<beans:beans xmlns="http://www.springframework.org/schema/security"
xmlns:mvc="http://www.springframework.org/schema/mvc"
xmlns:context="http://www.springframework.org/schema/context"
xmlns:xsi="http://www.w3.org/2001/XMLSchema-instance"
xmlns:tx="http://www.springframework.org/schema/tx"
xmlns:security="http://www.springframework.org/schema/security"
xmlns:beans="http://www.springframework.org/schema/beans"
xsi:schemaLocation="http://www.springframework.org/schema/beans
http://www.springframework.org/schema/beans/spring-beans.xsd
http://www.springframework.org/schema/mvc
http://www.springframework.org/schema/mvc/spring-mvc.xsd
http://www.springframework.org/schema/context
http://www.springframework.org/schema/context/spring-context.xsd
http://www.springframework.org/schema/tx
http://www.springframework.org/schema/tx/spring-tx-4.2.xsd
http://www.springframework.org/schema/security
http://www.springframework.org/schema/security/spring-security.xsd">

<security:http auto-config="true">
    
    <security:intercept-url pattern="/blogPageReq/**"
        access="hasRole('ROLE_ADMIN')" />
    <security:intercept-url pattern="/blogPageReq/**"
        access="hasRole('ROLE_USER')" />
        <!-- 
    <security:intercept-url pattern="/ChatPage/**"
        access="hasRole('ROLE_ADMIN')" />
         
    <security:intercept-url pattern="/ChatPage/**"
        access="hasRole('ROLE_USER')" />        
          -->
          <!--  if other versin - /j_security_check -->
    <security:form-login login-page="/"
        default-target-url="/successUserPageSpring" login-processing-url="/perform_login"  
        authentication-failure-url="/loginerror" />
    <security:csrf disabled="true" />
</security:http>

<security:authentication-manager>
    <security:authentication-provider>
        <security:jdbc-user-service
            data-source-ref="dataSource"
            users-by-username-query="select userid,password,enabled from userdetails where userid=?"
            authorities-by-username-query="select userid, role from userdetails where userid =?" />
    </security:authentication-provider>
</security:authentication-manager>

</beans:beans>