<?xml version="1.0" encoding="UTF-8"?>

<beans xmlns="http://www.springframework.org/schema/beans"
	xmlns:context="http://www.springframework.org/schema/context"
	xmlns:xsi="http://www.w3.org/2001/XMLSchema-instance"
	   xmlns:p="http://www.springframework.org/schema/p"  
	xmlns:mvc="http://www.springframework.org/schema/mvc"
	xsi:schemaLocation="http://www.springframework.org/schema/beans
http://www.springframework.org/schema/beans/spring-beans-3.0.xsd
http://www.springframework.org/schema/context
http://www.springframework.org/schema/context/spring-context-3.0.xsd
http://www.springframework.org/schema/mvc
http://www.springframework.org/schema/mvc/spring-mvc-4.0.xsd">
 

<context:component-scan base-package="com.project2a" />

<mvc:annotation-driven></mvc:annotation-driven> 

 <mvc:resources  mapping="/resources/**" location="/resources/"/>

	
<bean
		class="org.springframework.web.servlet.view.InternalResourceViewResolver">
		<property name="viewClass" value="org.springframework.web.servlet.view.JstlView"></property>
 		<property name="prefix">
			<value>/WEB-INF/views/</value>
		</property>
		<property name="suffix">
			<value>.jsp</value>
		</property>
	</bean>

<bean id="multipartResolver" class="org.springframework.web.multipart.commons.CommonsMultipartResolver">  
        <!-- one of the properties available; the maximum file size in bytes -->  
        <property name="maxUploadSize" value="5242880">  
    </property> 
    </bean>
<!-- 

<websocket:message-broker application-destination-prefix="/app">
        <websocket:stomp-endpoint path="/chat">
            <websocket:sockjs/>
        </websocket:stomp-endpoint>
        <websocket:simple-broker prefix="/topic"/>
    </websocket:message-broker>
 -->

</beans>